{
  "id": "1451646",
  "name": "h5可视化工程",
  "font_family": "iconfont",
  "css_prefix_text": "icon",
  "description": "h5可视化工程",
  "glyphs": [
    {
      "icon_id": "123123",
      "name": "表单",
      "font_class": "biaodan",
      "unicode": "e6cc",
      "unicode_decimal": 59084
    },
    {
      "icon_id": "554388",
      "name": "页面",
      "font_class": "iconset0335",
      "unicode": "e6ea",
      "unicode_decimal": 59114
    },
    {
      "icon_id": "586924",
      "name": "iframe",
      "font_class": "iframe",
      "unicode": "e74c",
      "unicode_decimal": 59212
    },
    {
      "icon_id": "657586",
      "name": "垂直居中对齐",
      "font_class": "chuizhijuzhongduiqi",
      "unicode": "e654",
      "unicode_decimal": 58964
    },
    {
      "icon_id": "657590",
      "name": "水平居中对齐",
      "font_class": "shuipingjuzhongduiqi",
      "unicode": "e658",
      "unicode_decimal": 58968
    },
    {
      "icon_id": "657594",
      "name": "右对齐",
      "font_class": "youduiqi",
      "unicode": "e65b",
      "unicode_decimal": 58971
    },
    {
      "icon_id": "657595",
      "name": "左对齐",
      "font_class": "zuoduiqi",
      "unicode": "e65c",
      "unicode_decimal": 58972
    },
    {
      "icon_id": "731574",
      "name": "多选",
      "font_class": "duoxuan",
      "unicode": "e66d",
      "unicode_decimal": 58989
    },
    {
      "icon_id": "741065",
      "name": "预览",
      "font_class": "yulan",
      "unicode": "e852",
      "unicode_decimal": 59474
    },
    {
      "icon_id": "765385",
      "name": "同步",
      "font_class": "tongbu",
      "unicode": "e668",
      "unicode_decimal": 58984
    },
    {
      "icon_id": "775346",
      "name": "音乐_music217",
      "font_class": "yinlemusic217",
      "unicode": "e62e",
      "unicode_decimal": 58926
    },
    {
      "icon_id": "827922",
      "name": "图片",
      "font_class": "tupian",
      "unicode": "e69f",
      "unicode_decimal": 59039
    },
    {
      "icon_id": "866281",
      "name": "框架_frame23",
      "font_class": "kuangjiaframe23",
      "unicode": "e946",
      "unicode_decimal": 59718
    },
    {
      "icon_id": "873505",
      "name": "目标页面列表",
      "font_class": "mubiaoyemianliebiao",
      "unicode": "e625",
      "unicode_decimal": 58917
    },
    {
      "icon_id": "924506",
      "name": "redo",
      "font_class": "redo1",
      "unicode": "e937",
      "unicode_decimal": 59703
    },
    {
      "icon_id": "924564",
      "name": "undo",
      "font_class": "undo1",
      "unicode": "e966",
      "unicode_decimal": 59750
    },
    {
      "icon_id": "1010014",
      "name": "全屏",
      "font_class": "quanping",
      "unicode": "e743",
      "unicode_decimal": 59203
    },
    {
      "icon_id": "1308538",
      "name": "758编辑器_分割线",
      "font_class": "758bianjiqi_fengexian",
      "unicode": "e652",
      "unicode_decimal": 58962
    },
    {
      "icon_id": "1336432",
      "name": "单选",
      "font_class": "plus-radio",
      "unicode": "e735",
      "unicode_decimal": 59189
    },
    {
      "icon_id": "1400888",
      "name": "输入框搜索",
      "font_class": "shurukuangsousuo",
      "unicode": "e621",
      "unicode_decimal": 58913
    },
    {
      "icon_id": "1617230",
      "name": "视频",
      "font_class": "shipin",
      "unicode": "e624",
      "unicode_decimal": 58916
    },
    {
      "icon_id": "1703544",
      "name": "时间",
      "font_class": "shijian",
      "unicode": "e64b",
      "unicode_decimal": 58955
    },
    {
      "icon_id": "1713968",
      "name": "62-全部边框",
      "font_class": "-quanbubiankuang",
      "unicode": "e62c",
      "unicode_decimal": 58924
    },
    {
      "icon_id": "1789486",
      "name": "日期时间",
      "font_class": "riqishijian",
      "unicode": "e6c8",
      "unicode_decimal": 59080
    },
    {
      "icon_id": "1983661",
      "name": "地图",
      "font_class": "ditu",
      "unicode": "e61f",
      "unicode_decimal": 58911
    },
    {
      "icon_id": "2237673",
      "name": "星标",
      "font_class": "xingbiao",
      "unicode": "e610",
      "unicode_decimal": 58896
    },
    {
      "icon_id": "2404487",
      "name": "上对齐",
      "font_class": "shangduiqi",
      "unicode": "e64a",
      "unicode_decimal": 58954
    },
    {
      "icon_id": "2404491",
      "name": "文本",
      "font_class": "wenben",
      "unicode": "e649",
      "unicode_decimal": 58953
    },
    {
      "icon_id": "2404492",
      "name": "下对齐",
      "font_class": "xiaduiqi",
      "unicode": "e64c",
      "unicode_decimal": 58956
    },
    {
      "icon_id": "2423300",
      "name": "无数据",
      "font_class": "wushuju",
      "unicode": "e642",
      "unicode_decimal": 58946
    },
    {
      "icon_id": "2471356",
      "name": "分割线",
      "font_class": "fengexian",
      "unicode": "e66e",
      "unicode_decimal": 58990
    },
    {
      "icon_id": "3255777",
      "name": "置顶",
      "font_class": "control-top",
      "unicode": "e647",
      "unicode_decimal": 58951
    },
    {
      "icon_id": "3255778",
      "name": "置底",
      "font_class": "control-bottom",
      "unicode": "e648",
      "unicode_decimal": 58952
    },
    {
      "icon_id": "4318816",
      "name": "ps",
      "font_class": "ps",
      "unicode": "e6c3",
      "unicode_decimal": 59075
    },
    {
      "icon_id": "4525181",
      "name": "缩放",
      "font_class": "ziyuan",
      "unicode": "e611",
      "unicode_decimal": 58897
    },
    {
      "icon_id": "4767026",
      "name": "colum-height",
      "font_class": "colum-height",
      "unicode": "e7ef",
      "unicode_decimal": 59375
    },
    {
      "icon_id": "4767092",
      "name": "column-width",
      "font_class": "column-width",
      "unicode": "e7fc",
      "unicode_decimal": 59388
    },
    {
      "icon_id": "5301925",
      "name": "删除",
      "font_class": "shanchu",
      "unicode": "e62d",
      "unicode_decimal": 58925
    },
    {
      "icon_id": "5437734",
      "name": "首页轮播图",
      "font_class": "shouyelunbotu",
      "unicode": "e627",
      "unicode_decimal": 58919
    },
    {
      "icon_id": "5517432",
      "name": "loading",
      "font_class": "loading",
      "unicode": "e962",
      "unicode_decimal": 59746
    },
    {
      "icon_id": "5881149",
      "name": "符号-数字输入框",
      "font_class": "fuhao-shuzishurukuang",
      "unicode": "e630",
      "unicode_decimal": 58928
    },
    {
      "icon_id": "5916426",
      "name": "PSD",
      "font_class": "PSD",
      "unicode": "e620",
      "unicode_decimal": 58912
    },
    {
      "icon_id": "6010925",
      "name": "日期",
      "font_class": "riqi",
      "unicode": "e616",
      "unicode_decimal": 58902
    },
    {
      "icon_id": "6195943",
      "name": "iframe添加",
      "font_class": "iframetianjia",
      "unicode": "ec7d",
      "unicode_decimal": 60541
    },
    {
      "icon_id": "6266248",
      "name": "矩形",
      "font_class": "juxing",
      "unicode": "e790",
      "unicode_decimal": 59280
    },
    {
      "icon_id": "6337460",
      "name": "居中对齐",
      "font_class": "juzhongduiqi",
      "unicode": "ec80",
      "unicode_decimal": 60544
    },
    {
      "icon_id": "6337463",
      "name": "右对齐",
      "font_class": "youduiqi2",
      "unicode": "ec82",
      "unicode_decimal": 60546
    },
    {
      "icon_id": "6337466",
      "name": "字体加粗",
      "font_class": "zitijiacu",
      "unicode": "ec83",
      "unicode_decimal": 60547
    },
    {
      "icon_id": "6337473",
      "name": "左对齐",
      "font_class": "zuoduiqi1",
      "unicode": "ec86",
      "unicode_decimal": 60550
    },
    {
      "icon_id": "6774845",
      "name": "保存",
      "font_class": "baocun",
      "unicode": "e622",
      "unicode_decimal": 58914
    },
    {
      "icon_id": "6888893",
      "name": "发布",
      "font_class": "fabu",
      "unicode": "e661",
      "unicode_decimal": 58977
    },
    {
      "icon_id": "6953481",
      "name": "星标",
      "font_class": "xingbiao-copy",
      "unicode": "eef3",
      "unicode_decimal": 61171
    },
    {
      "icon_id": "8019713",
      "name": "padding",
      "font_class": "padding",
      "unicode": "e6d9",
      "unicode_decimal": 59097
    },
    {
      "icon_id": "8019716",
      "name": "margin",
      "font_class": "margin",
      "unicode": "e6da",
      "unicode_decimal": 59098
    },
    {
      "icon_id": "8137611",
      "name": "字体缩小",
      "font_class": "zitisuoxiao",
      "unicode": "e60e",
      "unicode_decimal": 58894
    },
    {
      "icon_id": "8137645",
      "name": "字体放大",
      "font_class": "zitifangda",
      "unicode": "e60f",
      "unicode_decimal": 58895
    },
    {
      "icon_id": "8229473",
      "name": "退出",
      "font_class": "tuichu",
      "unicode": "e612",
      "unicode_decimal": 58898
    },
    {
      "icon_id": "9545594",
      "name": "复制",
      "font_class": "fuzhi",
      "unicode": "e600",
      "unicode_decimal": 58880
    },
    {
      "icon_id": "10031210",
      "name": "星标",
      "font_class": "xingbiao1",
      "unicode": "e623",
      "unicode_decimal": 58915
    },
    {
      "icon_id": "10047317",
      "name": "上移一层",
      "font_class": "ziyuan1",
      "unicode": "e60c",
      "unicode_decimal": 58892
    },
    {
      "icon_id": "10352338",
      "name": "下移一层",
      "font_class": "xiayiyiceng",
      "unicode": "e61c",
      "unicode_decimal": 58908
    },
    {
      "icon_id": "11121385",
      "name": "文本框",
      "font_class": "wenbenkuang",
      "unicode": "e629",
      "unicode_decimal": 58921
    },
    {
      "icon_id": "11121407",
      "name": "按钮组",
      "font_class": "anniuzu",
      "unicode": "e62f",
      "unicode_decimal": 58927
    }
  ]
}
